Tipo,VideoID,Project,Origem,Tema,Título YouTube/Ideia,Descrição,Publicação,Duração,YouTube ID,Status,arXiv/SSRN,Journal,Research Gate,YouTube,TikTok,LinkedIn,Newsletter LinkedIn,Substack,GitHub Project,Oz.io,Oz Site,Curso,arXiv/SSRN (link),Journal (link),Research Gate (link),YouTube (link),TikTok (link),LinkedIn (link),Newsletter LinkedIn (link),Substack (link),GitHub Project.1,Oz.io (link),Oz Site (link),Curso (link)
Short,001,mathematics,youtube,algebra,001_math_algebra_equacao_diofantina_sem_solucao,Equação diofantina sem solução: uma demonstração formal,2026-08-01,00:01:59,QzFgALxe2N8,published,nd,nd,nd,nd,nd,nd,nd,nd,nd,nd,nd,nd,-------,-------,-------,https://www.youtube.com/watch?v=QzFgALxe2N8,-------,-------,-------,-------,-------,-------,-------,-------
Short,002,mathematics,youtube,geometry,002_math_geometry_secoes_conicas,Seções Cônicas,2026-07-29,00:01:59,zvC9Bpsa-2s,published,nd,nd,nd,nd,nd,nd,nd,nd,nd,nd,nd,nd,-------,-------,-------,https://www.youtube.com/watch?v=zvC9Bpsa-2s,-------,-------,-------,-------,-------,-------,-------,-------
Short,003,mathematics,youtube,combinatorics,003_stats_probability_combinatorics,Can You Solve This Probability Puzzle? | Combinatorics Challenge,2026-07-18,00:01:59,ZZHex64CWnU,published,nd,nd,nd,nd,nd,nd,nd,nd,nd,nd,nd,nd,-------,-------,-------,https://www.youtube.com/watch?v=ZZHex64CWnU,-------,-------,-------,-------,-------,-------,-------,-------
Short,004,physics,youtube,quantum physics,004_phys_quantum_mech_klein_gordon_equation,"Handwritten notes on the Klein–Gordon equation,",2026-07-15,00:01:59,Y3y8SKBVphI,published,nd,nd,nd,nd,nd,nd,nd,nd,nd,nd,nd,nd,-------,-------,-------,https://www.youtube.com/watch?v=Y3y8SKBVphI,-------,-------,-------,-------,-------,-------,-------,-------
Short,005,physics,youtube,classical physics,005_phys_class_mech_hydrostatics_five_spheres,Hidrostática: Como Ordenar as Densidades de Cinco Esferas?,2026-07-14,00:01:59,mNLSu9W8MZA,published,nd,nd,nd,nd,nd,nd,nd,nd,nd,nd,nd,nd,-------,-------,-------,https://www.youtube.com/watch?v=mNLSu9W8MZA,-------,-------,-------,-------,-------,-------,-------,-------
Short,006,mathematics,youtube,number theory,006_math_number_theory_types_of_numbers_animation,Types of numbers from analytic number theory with python animation,2026-07-13,00:02:15,63HE6owk0XQ,published,nd,nd,nd,nd,nd,nd,nd,nd,nd,nd,nd,nd,-------,-------,-------,https://www.youtube.com/watch?v=63HE6owk0XQ,-------,-------,-------,-------,-------,-------,-------,-------
Short,007,physics,youtube,classical physics,007_phys_class_mech_statics_problema_polias_engana_quase_todo_mundo,O problema de polias que engana quase todo mundo,2026-07-09,00:02:33,GvLIOXMsUlA,published,nd,nd,nd,nd,nd,nd,nd,nd,nd,nd,nd,nd,-------,-------,-------,https://www.youtube.com/watch?v=GvLIOXMsUlA,-------,-------,-------,-------,-------,-------,-------,-------
Short,008,mathematics,youtube,number theory,008_math_algebra_quando_meme_entrega_prova_mat,Quando um Meme Entrega uma Prova Matemática,2026-07-05,00:02:33,ymQxXvnGH-M,published,nd,nd,nd,nd,nd,nd,nd,nd,nd,nd,nd,nd,-------,-------,-------,https://www.youtube.com/watch?v=ymQxXvnGH-M,-------,-------,-------,-------,-------,-------,-------,-------
Short,009,mathematics,youtube,analysis,009_limite_sinx_sina,Finding the limit of [sin(x) - sin(a)] / (x - a) as x tends to a,2025-10-13,00:00:17,vk3Ew9gxj4k,published,nd,nd,nd,nd,nd,nd,nd,nd,nd,nd,nd,nd,-------,-------,-------,https://www.youtube.com/watch?v=vk3Ew9gxj4k,-------,-------,-------,-------,-------,-------,-------,-------
Short,010,mathematics,youtube,analysis,010_derivada_sinx_using_limit,derivative of sin(x) using limit definition,2025-10-13,00:00:18,uOWYMCiI_fA,published,nd,nd,nd,nd,nd,nd,nd,nd,nd,nd,nd,nd,-------,-------,-------,https://www.youtube.com/watch?v=uOWYMCiI_fA,-------,-------,-------,-------,-------,-------,-------,-------
Short,011,mathematics,youtube,analysis,011_derivada_x_a_n,derivative of x^n using limit definition,2025-10-13,00:00:27,YifLDTrwCa8,published,nd,nd,nd,nd,nd,nd,nd,nd,nd,nd,nd,nd,-------,-------,-------,https://www.youtube.com/watch?v=YifLDTrwCa8,-------,-------,-------,-------,-------,-------,-------,-------
Short,012,mathematics,youtube,analysis,012_x_plus_y_squared_xy,solving equation (x + y)^2 = (x + 1)(y - 1),2025-10-13,00:00:22,Y5GyN7rkBw0,published,nd,nd,nd,nd,nd,nd,nd,nd,nd,nd,nd,nd,-------,-------,-------,https://www.youtube.com/watch?v=Y5GyN7rkBw0,-------,-------,-------,-------,-------,-------,-------,-------
Short,013,mathematics,youtube,analysis,013_equation_xy_xz_yz,solving a system of equations xy = a; yz = b; xz = c; x + y + z = ...,2025-10-12,00:00:19,R6VnAXdwiH8,published,nd,nd,nd,nd,nd,nd,nd,nd,nd,nd,nd,nd,-------,-------,-------,https://www.youtube.com/watch?v=R6VnAXdwiH8,-------,-------,-------,-------,-------,-------,-------,-------
Short,014,mathematics,youtube,analysis,014_derivada_sinx,Dedução de expressão derivada de sen(x) pela definição de limite,2025-08-03,00:00:18,c4GlnXAY9eE,published,nd,nd,nd,nd,nd,nd,nd,nd,nd,nd,nd,nd,-------,-------,-------,https://www.youtube.com/watch?v=c4GlnXAY9eE,-------,-------,-------,-------,-------,-------,-------,-------
Short,015,mathematics,youtube,analysis,015_derivada_cosx,derivada de cos(x) pela definição por limite,2025-08-01,00:00:22,7-Lxh-yTNl0,published,nd,nd,nd,nd,nd,nd,nd,nd,nd,nd,nd,nd,-------,-------,-------,https://www.youtube.com/watch?v=7-Lxh-yTNl0,-------,-------,-------,-------,-------,-------,-------,-------
Short,016,mathematics,youtube,analysis,016_derivada_cosx,derivada de cos(x) pela definição por limite,2025-08-01,00:00:27,t1ry23INzLk,published,nd,nd,nd,nd,nd,nd,nd,nd,nd,nd,nd,nd,-------,-------,-------,https://www.youtube.com/watch?v=t1ry23INzLk,-------,-------,-------,-------,-------,-------,-------,-------
Short,017,mathematics,youtube,analysis,017_equacao_x2_x3_equal_12,solving x^2 - x^3 = 12,2025-07-30,00:00:28,r4VlkcjmK2U,published,nd,nd,nd,nd,nd,nd,nd,nd,nd,nd,nd,nd,-------,-------,-------,https://www.youtube.com/watch?v=r4VlkcjmK2U,-------,-------,-------,-------,-------,-------,-------,-------
Short,018,mathematics,youtube,analysis,018_soma_n_primeiros_impares_pt,Soma dos n primeiros ímpares é igual à n² ,2025-07-23,00:00:31,Yn0JttpsrVQ,published,nd,nd,nd,nd,nd,nd,nd,nd,nd,nd,nd,nd,-------,-------,-------,https://www.youtube.com/watch?v=Yn0JttpsrVQ,-------,-------,-------,-------,-------,-------,-------,-------
Short,019,mathematics,youtube,number theory,019_sum_first_n_odd_numbers_en,Sum of the n first n odd numbers is n² ,2025-07-23,00:00:31,Ibfhu1LQsCQ,published,nd,nd,nd,nd,nd,nd,nd,nd,nd,nd,nd,nd,-------,-------,-------,https://www.youtube.com/watch?v=Ibfhu1LQsCQ,-------,-------,-------,-------,-------,-------,-------,-------
Short,020,mathematics,youtube,analysis,020_formula_bhaskara,x^2 - 5x + 6 = 0,2025-07-21,00:00:31,WXRjzCGxcaM,published,nd,nd,nd,nd,nd,nd,nd,nd,nd,nd,nd,nd,-------,-------,-------,https://www.youtube.com/watch?v=WXRjzCGxcaM,-------,-------,-------,-------,-------,-------,-------,-------
Short,021,mathematics,youtube,algebra,021_sqrt27_minus_sqrt12_over_sqrt75,(√27 - √12) / √75,2025-07-20,00:00:31,178OpIPLtl8,published,nd,nd,nd,nd,nd,nd,nd,nd,nd,nd,nd,nd,-------,-------,-------,https://www.youtube.com/watch?v=178OpIPLtl8,-------,-------,-------,-------,-------,-------,-------,-------
Short,022,physics,youtube,quantum physics,022_phys_quantum_tunneling_python_pt,Efeito túnel da mecânica quântica - Simulação em Python,2025-07-16,00:00:09,h4B-unb2UGI,published,nd,nd,nd,nd,nd,nd,nd,nd,nd,nd,nd,nd,-------,-------,-------,https://www.youtube.com/watch?v=h4B-unb2UGI,-------,-------,-------,-------,-------,-------,-------,-------
Short,023,physics,youtube,quantum physics,023_phys_quantum_tunneling_python_en,Quantum tunneling (potencial barrier) - Python simulation,2025-07-16,00:00:09,rhZG1Rgyg5Y,published,nd,nd,nd,nd,nd,nd,nd,nd,nd,nd,nd,nd,-------,-------,-------,https://www.youtube.com/watch?v=rhZG1Rgyg5Y,-------,-------,-------,-------,-------,-------,-------,-------
Short,024,mathematics,youtube,analysis,024_somatoria_fx,Animação da soma de Riemann #soma #Riemann #calculo #integral,2025-07-10,00:00:12,VlJ784LCkhE,published,nd,nd,nd,nd,nd,nd,nd,nd,nd,nd,nd,nd,-------,-------,-------,https://www.youtube.com/watch?v=VlJ784LCkhE,-------,-------,-------,-------,-------,-------,-------,-------
Short,025,mathematics,youtube,,,,,,,,nd,nd,nd,nd,nd,nd,nd,nd,nd,nd,nd,nd,-------,-------,-------,-------,-------,-------,-------,-------,-------,-------,-------,-------
Short,026,,,,,,,,,,nd,nd,nd,nd,nd,nd,nd,nd,nd,nd,nd,nd,-------,-------,-------,-------,-------,-------,-------,-------,-------,-------,-------,-------
Short,027,,,,,,,,,,nd,nd,nd,nd,nd,nd,nd,nd,nd,nd,nd,nd,-------,-------,-------,-------,-------,-------,-------,-------,-------,-------,-------,-------
Short,028,,,,,,,,,,nd,nd,nd,nd,nd,nd,nd,nd,nd,nd,nd,nd,-------,-------,-------,-------,-------,-------,-------,-------,-------,-------,-------,-------
Short,029,,,,,,,,,,nd,nd,nd,nd,nd,nd,nd,nd,nd,nd,nd,nd,-------,-------,-------,-------,-------,-------,-------,-------,-------,-------,-------,-------
Short,030,,,,,,,,,,nd,nd,nd,nd,nd,nd,nd,nd,nd,nd,nd,nd,-------,-------,-------,-------,-------,-------,-------,-------,-------,-------,-------,-------
Short,031,,,,,,,,,,nd,nd,nd,nd,nd,nd,nd,nd,nd,nd,nd,nd,-------,-------,-------,-------,-------,-------,-------,-------,-------,-------,-------,-------
Short,032,,,,,,,,,,nd,nd,nd,nd,nd,nd,nd,nd,nd,nd,nd,nd,-------,-------,-------,-------,-------,-------,-------,-------,-------,-------,-------,-------
Short,033,,,,,,,,,,nd,nd,nd,nd,nd,nd,nd,nd,nd,nd,nd,nd,-------,-------,-------,-------,-------,-------,-------,-------,-------,-------,-------,-------
Short,034,,,,,,,,,,nd,nd,nd,nd,nd,nd,nd,nd,nd,nd,nd,nd,-------,-------,-------,-------,-------,-------,-------,-------,-------,-------,-------,-------
Short,035,,,,,,,,,,nd,nd,nd,nd,nd,nd,nd,nd,nd,nd,nd,nd,-------,-------,-------,-------,-------,-------,-------,-------,-------,-------,-------,-------
Short,036,,,,,,,,,,nd,nd,nd,nd,nd,nd,nd,nd,nd,nd,nd,nd,-------,-------,-------,-------,-------,-------,-------,-------,-------,-------,-------,-------
Short,037,,,,,,,,,,nd,nd,nd,nd,nd,nd,nd,nd,nd,nd,nd,nd,-------,-------,-------,-------,-------,-------,-------,-------,-------,-------,-------,-------
Short,038,,,,,,,,,,nd,nd,nd,nd,nd,nd,nd,nd,nd,nd,nd,nd,-------,-------,-------,-------,-------,-------,-------,-------,-------,-------,-------,-------
Short,039,,,,,,,,,,nd,nd,nd,nd,nd,nd,nd,nd,nd,nd,nd,nd,-------,-------,-------,-------,-------,-------,-------,-------,-------,-------,-------,-------
Short,040,,,,,,,,,,nd,nd,nd,nd,nd,nd,nd,nd,nd,nd,nd,nd,-------,-------,-------,-------,-------,-------,-------,-------,-------,-------,-------,-------
Short,041,,,,,,,,,,nd,nd,nd,nd,nd,nd,nd,nd,nd,nd,nd,nd,-------,-------,-------,-------,-------,-------,-------,-------,-------,-------,-------,-------
Short,042,,,,,,,,,,nd,nd,nd,nd,nd,nd,nd,nd,nd,nd,nd,nd,-------,-------,-------,-------,-------,-------,-------,-------,-------,-------,-------,-------
Short,043,,,,,,,,,,nd,nd,nd,nd,nd,nd,nd,nd,nd,nd,nd,nd,-------,-------,-------,-------,-------,-------,-------,-------,-------,-------,-------,-------
Short,044,,,,,,,,,,nd,nd,nd,nd,nd,nd,nd,nd,nd,nd,nd,nd,-------,-------,-------,-------,-------,-------,-------,-------,-------,-------,-------,-------
Short,045,,,,,,,,,,nd,nd,nd,nd,nd,nd,nd,nd,nd,nd,nd,nd,-------,-------,-------,-------,-------,-------,-------,-------,-------,-------,-------,-------
Short,046,,,,,,,,,,nd,nd,nd,nd,nd,nd,nd,nd,nd,nd,nd,nd,-------,-------,-------,-------,-------,-------,-------,-------,-------,-------,-------,-------
Short,047,,,,,,,,,,nd,nd,nd,nd,nd,nd,nd,nd,nd,nd,nd,nd,-------,-------,-------,-------,-------,-------,-------,-------,-------,-------,-------,-------
Short,048,,,,,,,,,,nd,nd,nd,nd,nd,nd,nd,nd,nd,nd,nd,nd,-------,-------,-------,-------,-------,-------,-------,-------,-------,-------,-------,-------
Short,049,,,,,,,,,,nd,nd,nd,nd,nd,nd,nd,nd,nd,nd,nd,nd,-------,-------,-------,-------,-------,-------,-------,-------,-------,-------,-------,-------
Short,050,,,,,,,,,,nd,nd,nd,nd,nd,nd,nd,nd,nd,nd,nd,nd,-------,-------,-------,-------,-------,-------,-------,-------,-------,-------,-------,-------
